item,worker,label
0,0,0
0,1,0
0,2,0
0,3,1
0,4,0
0,5,0
0,6,0
0,7,0
0,8,0
0,9,0
0,10,0
0,11,2
0,12,0
0,13,0
0,14,0
0,15,1
0,16,2
0,17,0
0,18,1
0,19,2
1,7,3
1,13,3
1,20,3
1,2,2
1,10,3
1,21,3
1,22,3
1,23,3
1,24,2
1,3,3
1,18,2
1,16,2
1,25,2
1,26,3
1,9,3
1,27,2
1,28,2
1,29,2
1,5,4
1,11,2
2,30,1
2,31,0
2,26,0
2,10,0
2,32,0
2,17,0
2,27,1
2,33,4
2,0,0
2,34,1
2,35,4
2,36,0
2,37,0
2,25,0
2,9,0
2,38,0
2,1,0
2,39,0
2,7,4
2,11,2
3,21,2
3,40,2
3,33,2
3,11,2
3,41,2
3,13,2
3,42,2
3,3,2
3,35,2
3,24,2
3,0,2
3,31,2
3,17,2
3,1,2
3,43,2
3,4,2
3,44,2
3,26,2
3,45,2
3,46,2
4,1,2
4,47,2
4,44,2
4,37,2
4,10,2
4,48,2
4,49,2
4,50,2
4,8,2
4,42,2
4,31,2
4,51,2
4,52,2
4,15,2
4,0,2
4,14,2
4,53,2
4,3,1
4,13,2
4,36,2
5,18,2
5,54,2
5,21,2
5,9,2
5,1,2
5,4,2
5,25,2
5,55,2
5,56,2
5,8,2
5,6,2
5,36,2
5,57,2
5,31,2
5,16,2
5,13,2
5,35,2
5,43,2
5,58,2
5,10,2
6,0,3
6,15,2
6,31,3
6,10,4
6,43,3
6,59,4
6,26,3
6,6,3
6,1,2
6,60,2
6,40,2
6,25,3
6,2,2
6,21,3
6,13,3
6,30,2
6,16,2
6,61,2
6,4,3
6,47,3
7,13,3
7,31,3
7,57,3
7,62,3
7,9,3
7,0,3
7,21,3
7,1,3
7,42,3
7,8,3
7,35,3
7,17,3
7,49,3
7,5,3
7,63,3
7,15,1
7,58,3
7,33,3
7,64,3
7,61,3
8,65,3
8,9,3
8,2,3
8,31,3
8,66,1
8,15,1
8,44,3
8,36,3
8,58,0
8,21,3
8,67,3
8,1,1
8,28,1
8,13,3
8,18,1
8,35,3
8,5,3
8,68,3
8,40,1
8,52,4
9,41,3
9,1,1
9,2,3
9,21,1
9,8,1
9,16,2
9,43,3
9,0,1
9,34,1
9,69,1
9,10,3
9,31,3
9,38,3
9,44,3
9,40,1
9,42,3
9,56,3
9,13,1
9,28,1
9,11,2
10,33,1
10,57,2
10,2,2
10,0,1
10,19,2
10,60,1
10,9,3
10,70,3
10,1,2
10,20,1
10,26,2
10,13,1
10,41,1
10,11,2
10,56,2
10,46,1
10,67,2
10,18,1
10,58,1
10,43,3
11,71,1
11,35,3
11,70,3
11,42,3
11,43,2
11,58,3
11,2,2
11,41,3
11,38,4
11,40,3
11,31,1
11,8,2
11,72,2
11,18,0
11,9,3
11,15,2
11,55,2
11,13,1
11,33,3
11,21,3
12,49,3
12,7,3
12,21,3
12,32,3
12,0,3
12,46,3
12,48,3
12,44,3
12,43,3
12,8,3
12,10,3
12,13,3
12,9,3
12,31,3
12,63,3
12,67,3
12,38,3
12,25,3
12,35,3
12,47,3
13,17,1
13,35,4
13,4,4
13,18,0
13,31,2
13,63,4
13,6,1
13,26,0
13,7,1
13,57,1
13,58,1
13,27,1
13,36,0
13,1,4
13,21,4
13,30,0
13,9,0
13,12,0
13,10,0
13,40,1
14,47,1
14,26,1
14,0,1
14,38,1
14,11,2
14,10,4
14,12,1
14,7,0
14,73,1
14,69,1
14,2,1
14,35,1
14,31,1
14,74,0
14,42,1
14,15,1
14,75,1
14,9,1
14,4,3
14,1,1
15,32,0
15,2,0
15,43,0
15,31,0
15,18,0
15,21,0
15,61,0
15,3,0
15,67,0
15,76,0
15,33,0
15,0,0
15,8,0
15,30,0
15,41,0
15,58,0
15,52,0
15,9,0
15,26,0
15,13,0
16,15,3
16,21,1
16,17,0
16,42,1
16,4,1
16,26,1
16,77,1
16,7,1
16,51,1
16,9,1
16,13,1
16,40,1
16,16,2
16,0,1
16,67,1
16,56,1
16,31,0
16,36,1
16,73,1
16,59,1
17,55,3
17,24,3
17,31,3
17,70,3
17,0,3
17,12,1
17,7,3
17,36,3
17,35,3
17,48,3
17,42,3
17,8,3
17,38,3
17,32,3
17,78,3
17,47,3
17,16,2
17,30,3
17,41,3
17,13,3
18,18,0
18,31,0
18,55,0
18,57,0
18,79,0
18,8,0
18,13,0
18,1,0
18,32,0
18,76,0
18,2,0
18,58,0
18,52,0
18,27,0
18,6,0
18,46,0
18,26,0
18,30,0
18,80,0
18,17,0
19,17,4
19,58,1
19,81,1
19,30,1
19,70,1
19,32,1
19,26,1
19,62,1
19,7,1
19,41,1
19,33,4
19,42,1
19,21,1
19,1,1
19,10,1
19,3,1
19,12,1
19,31,1
19,13,1
19,14,1
20,1,3
20,58,3
20,43,3
20,32,3
20,56,3
20,37,1
20,21,3
20,9,3
20,35,3
20,46,3
20,4,3
20,38,3
20,25,3
20,10,3
20,60,3
20,3,4
20,13,3
20,0,3
20,8,3
20,31,3
21,35,2
21,1,2
21,31,3
21,4,3
21,27,2
21,57,3
21,73,2
21,10,3
21,55,2
21,21,3
21,61,2
21,40,2
21,26,2
21,15,2
21,56,2
21,41,2
21,30,2
21,33,3
21,42,2
21,9,2
22,21,2
22,36,1
22,67,3
22,57,1
22,55,2
22,43,1
22,0,1
22,26,2
22,11,2
22,3,1
22,81,1
22,27,2
22,50,2
22,52,2
22,18,2
22,33,2
22,56,1
22,77,1
22,1,1
22,42,3
23,17,1
23,30,2
23,26,3
23,50,2
23,31,4
23,27,4
23,40,2
23,15,2
23,53,3
23,21,2
23,58,2
23,57,1
23,10,3
23,13,3
23,7,3
23,6,3
23,36,3
23,20,4
23,55,4
23,0,3
24,57,1
24,13,0
24,9,2
24,31,0
24,10,0
24,28,0
24,36,0
24,60,0
24,61,0
24,40,0
24,76,1
24,11,2
24,17,4
24,0,0
24,58,0
24,33,0
24,18,0
24,21,4
24,43,0
24,26,2
25,27,0
25,26,3
25,16,2
25,56,3
25,82,0
25,38,3
25,52,0
25,8,3
25,35,3
25,42,3
25,72,3
25,33,3
25,66,0
25,21,3
25,20,3
25,7,3
25,73,3
25,31,3
25,43,3
25,18,2
26,58,3
26,76,3
26,60,3
26,0,3
26,25,3
26,4,3
26,9,3
26,33,3
26,20,3
26,36,3
26,8,3
26,83,3
26,17,3
26,38,3
26,7,3
26,31,3
26,21,3
26,3,3
26,32,3
26,13,3
27,4,0
27,43,0
27,12,0
27,46,0
27,21,0
27,22,0
27,2,0
27,26,0
27,68,0
27,28,0
27,11,2
27,31,0
27,9,0
27,35,0
27,57,1
27,8,0
27,18,0
27,55,0
27,42,0
27,40,0
28,26,1
28,13,1
28,58,1
28,84,1
28,33,1
28,74,1
28,55,1
28,30,1
28,68,1
28,31,1
28,60,1
28,10,1
28,4,1
28,85,1
28,9,1
28,62,1
28,17,1
28,21,1
28,35,1
28,28,1
29,57,3
29,4,3
29,73,2
29,36,3
29,53,4
29,23,3
29,70,2
29,35,2
29,55,1
29,41,3
29,26,3
29,13,1
29,25,2
29,0,3
29,7,1
29,11,2
29,5,2
29,17,1
29,31,3
29,18,2
30,12,1
30,0,3
30,21,1
30,13,1
30,33,3
30,58,3
30,30,1
30,31,3
30,55,4
30,80,1
30,1,2
30,10,3
30,41,3
30,4,4
30,18,0
30,46,3
30,3,3
30,60,1
30,86,3
30,40,4
31,5,2
31,32,0
31,0,0
31,3,0
31,57,0
31,11,2
31,21,0
31,33,2
31,7,0
31,2,0
31,29,2
31,17,0
31,62,0
31,31,0
31,13,0
31,1,0
31,26,0
31,10,0
31,8,0
31,30,2
32,11,2
32,31,2
32,60,2
32,4,2
32,61,2
32,32,2
32,13,2
32,43,2
32,21,2
32,63,2
32,2,2
32,72,2
32,58,2
32,50,2
32,55,2
32,0,2
32,17,2
32,3,2
32,18,2
32,25,2
33,38,0
33,58,0
33,1,4
33,31,0
33,7,4
33,8,0
33,35,0
33,10,0
33,21,0
33,6,0
33,26,0
33,18,2
33,55,2
33,43,0
33,9,0
33,46,3
33,62,0
33,60,4
33,2,0
33,0,3
34,1,3
34,33,3
34,55,4
34,40,3
34,5,0
34,31,3
34,19,3
34,16,2
34,65,3
34,41,0
34,35,4
34,18,0
34,13,3
34,32,3
34,44,3
34,21,3
34,7,3
34,8,3
34,4,3
34,0,3
35,62,4
35,35,1
35,31,0
35,47,1
35,33,4
35,14,1
35,25,2
35,13,1
35,15,1
35,30,4
35,11,2
35,4,1
35,49,1
35,26,1
35,21,1
35,50,1
35,0,0
35,41,0
35,57,1
35,76,1
36,57,1
36,16,2
36,18,1
36,21,4
36,11,2
36,4,1
36,0,1
36,35,1
36,1,1
36,26,1
36,27,1
36,13,0
36,43,1
36,58,0
36,8,0
36,31,1
36,55,1
36,87,2
36,38,1
36,40,1
37,8,2
37,61,2
37,78,2
37,33,2
37,38,2
37,9,2
37,49,2
37,88,2
37,4,2
37,1,2
37,60,2
37,16,2
37,19,2
37,41,2
37,11,2
37,40,2
37,31,2
37,58,0
37,13,2
37,21,2
38,61,2
38,10,2
38,32,2
38,62,2
38,1,2
38,89,2
38,17,2
38,31,2
38,13,2
38,9,2
38,29,2
38,5,2
38,57,2
38,41,2
38,2,2
38,21,2
38,35,2
38,43,2
38,24,2
38,8,2
39,10,3
39,24,4
39,21,1
39,43,4
39,36,3
39,26,3
39,73,4
39,30,3
39,0,3
39,41,1
39,1,4
39,12,3
39,7,3
39,62,3
39,13,3
39,31,4
39,9,3
39,18,1
39,76,3
39,47,4
40,56,1
40,10,2
40,55,1
40,43,2
40,20,1
40,5,2
40,9,2
40,13,2
40,35,2
40,0,2
40,57,1
40,76,1
40,31,2
40,46,2
40,36,1
40,33,2
40,26,1
40,40,1
40,90,2
40,62,1
41,26,3
41,1,3
41,33,4
41,36,3
41,78,3
41,63,3
41,21,3
41,76,3
41,35,4
41,37,3
41,52,2
41,30,3
41,57,3
41,42,1
41,55,3
41,31,3
41,39,1
41,25,3
41,13,3
41,50,2
42,69,1
42,36,1
42,11,2
42,10,0
42,27,1
42,58,0
42,18,1
42,76,1
42,48,0
42,0,1
42,57,1
42,40,0
42,4,0
42,33,3
42,12,1
42,42,0
42,5,0
42,31,0
42,17,0
42,35,0
43,9,1
43,2,1
43,5,1
43,13,1
43,11,2
43,0,1
43,31,1
43,49,1
43,12,1
43,83,1
43,27,1
43,33,1
43,4,1
43,16,2
43,25,1
43,1,1
43,38,1
43,30,1
43,18,1
43,8,1
44,47,3
44,65,3
44,26,3
44,21,3
44,63,3
44,78,3
44,60,3
44,81,3
44,33,3
44,32,3
44,4,3
44,35,3
44,16,2
44,31,3
44,42,3
44,13,3
44,8,3
44,55,3
44,17,3
44,80,3
45,14,3
45,13,3
45,53,3
45,4,3
45,73,3
45,36,3
45,33,3
45,9,3
45,0,3
45,69,3
45,30,3
45,57,3
45,40,1
45,83,3
45,3,3
45,15,3
45,21,3
45,17,3
45,38,3
45,35,3
46,31,3
46,13,3
46,44,3
46,1,3
46,73,3
46,61,3
46,19,3
46,23,3
46,41,3
46,67,3
46,5,3
46,58,0
46,24,3
46,7,3
46,32,3
46,21,3
46,35,3
46,57,3
46,9,3
46,0,3
47,35,4
47,21,1
47,15,2
47,31,1
47,55,3
47,60,1
47,2,1
47,10,1
47,78,1
47,5,4
47,36,1
47,33,4
47,30,1
47,1,2
47,3,1
47,19,2
47,43,1
47,80,1
47,47,1
47,56,1
48,36,2
48,11,2
48,15,2
48,43,2
48,9,2
48,31,2
48,13,2
48,20,2
48,7,2
48,21,2
48,35,2
48,44,2
48,58,2
48,81,2
48,57,2
48,4,2
48,3,2
48,12,2
48,37,2
48,32,2
49,49,1
49,32,1
49,36,1
49,18,1
49,41,1
49,64,1
49,48,1
49,57,4
49,31,1
49,43,1
49,86,4
49,35,1
49,58,0
49,10,4
49,30,1
49,21,1
49,73,4
49,9,4
49,8,4
49,56,1
50,6,2
50,8,2
50,31,2
50,43,2
50,55,4
50,13,2
50,7,2
50,21,2
50,26,2
50,80,2
50,3,2
50,16,2
50,58,2
50,79,4
50,10,2
50,38,2
50,36,2
50,9,2
50,65,2
50,1,2
51,2,4
51,31,3
51,90,3
51,4,3
51,57,3
51,8,3
51,80,3
51,33,4
51,3,3
51,49,4
51,1,1
51,42,3
51,20,3
51,47,3
51,32,3
51,0,3
51,41,3
51,18,0
51,53,3
51,10,4
52,37,2
52,33,3
52,56,3
52,41,3
52,42,3
52,90,3
52,31,3
52,28,2
52,12,1
52,20,2
52,13,3
52,3,3
52,79,3
52,57,3
52,25,3
52,26,3
52,36,3
52,78,3
52,21,3
52,23,3
53,62,2
53,25,2
53,76,2
53,31,2
53,43,2
53,8,2
53,41,2
53,10,2
53,55,2
53,5,2
53,80,2
53,9,2
53,11,2
53,58,2
53,17,2
53,13,2
53,32,2
53,57,2
53,72,2
53,21,2
54,21,3
54,33,3
54,58,0
54,13,3
54,48,3
54,47,3
54,37,3
54,36,3
54,31,3
54,2,3
54,32,3
54,0,3
54,83,3
54,20,3
54,41,3
54,15,4
54,61,4
54,84,3
54,9,3
54,26,3
55,67,1
55,18,1
55,15,3
55,49,1
55,40,1
55,58,1
55,30,1
55,57,1
55,13,1
55,6,1
55,36,1
55,10,1
55,17,1
55,53,4
55,2,1
55,70,1
55,1,1
55,42,1
55,81,1
55,8,1
56,35,1
56,21,2
56,63,2
56,26,2
56,58,2
56,0,2
56,49,2
56,60,2
56,74,2
56,31,2
56,13,2
56,16,2
56,79,1
56,25,2
56,48,2
56,1,2
56,27,2
56,42,2
56,33,2
56,12,2
57,15,2
57,41,2
57,18,2
57,8,2
57,25,2
57,76,2
57,91,2
57,49,2
57,92,2
57,31,2
57,10,2
57,68,2
57,42,2
57,0,2
57,35,2
57,63,2
57,32,2
57,69,2
57,39,1
57,55,2
58,76,0
58,7,0
58,46,0
58,0,0
58,22,0
58,33,0
58,4,0
58,18,0
58,36,0
58,35,0
58,37,0
58,13,0
58,57,0
58,27,1
58,30,1
58,83,0
58,6,0
58,9,0
58,61,0
58,32,0
59,77,1
59,38,1
59,49,1
59,58,0
59,13,1
59,30,0
59,16,2
59,63,1
59,43,1
59,40,1
59,1,0
59,81,1
59,14,1
59,5,1
59,31,1
59,42,1
59,7,1
59,76,1
59,57,1
59,70,0
60,5,3
60,53,3
60,32,3
60,36,3
60,18,2
60,8,3
60,58,3
60,43,3
60,0,3
60,59,3
60,31,3
60,77,3
60,56,3
60,76,3
60,49,3
60,25,3
60,4,3
60,62,3
60,55,3
60,26,3
61,9,2
61,40,2
61,13,2
61,16,2
61,47,2
61,60,2
61,35,2
61,48,2
61,27,2
61,79,2
61,21,2
61,58,2
61,0,2
61,11,2
61,76,2
61,31,2
61,17,2
61,12,2
61,36,2
61,57,2
62,57,2
62,8,2
62,58,2
62,52,2
62,33,2
62,76,2
62,31,2
62,63,2
62,3,2
62,89,2
62,42,2
62,16,2
62,0,2
62,43,2
62,9,2
62,21,2
62,13,2
62,82,2
62,40,2
62,1,2
63,21,2
63,15,2
63,5,2
63,3,1
63,79,2
63,0,2
63,37,2
63,17,2
63,29,2
63,8,2
63,26,2
63,13,2
63,31,2
63,32,2
63,57,2
63,63,2
63,43,2
63,33,2
63,35,2
63,40,2
64,17,1
64,39,1
64,4,1
64,48,1
64,93,1
64,37,4
64,36,4
64,21,1
64,38,2
64,16,2
64,7,2
64,3,2
64,13,1
64,26,1
64,14,1
64,55,1
64,33,2
64,31,2
64,58,1
64,0,0
65,2,1
65,13,1
65,9,1
65,65,1
65,31,1
65,63,1
65,60,1
65,66,1
65,18,1
65,44,1
65,42,1
65,1,1
65,49,1
65,4,1
65,58,1
65,57,1
65,10,1
65,51,1
65,15,3
65,7,1
66,79,1
66,31,2
66,9,1
66,7,4
66,43,2
66,12,4
66,45,1
66,52,4
66,21,2
66,91,1
66,13,1
66,17,1
66,27,4
66,4,4
66,58,1
66,33,4
66,82,2
66,3,1
66,36,4
66,18,2
67,17,2
67,38,2
67,12,2
67,21,3
67,83,3
67,3,3
67,31,2
67,44,1
67,52,2
67,55,2
67,80,3
67,27,3
67,41,3
67,25,2
67,43,3
67,7,3
67,10,4
67,75,2
67,42,3
67,2,2
68,10,3
68,21,3
68,0,3
68,94,1
68,36,3
68,32,3
68,76,3
68,35,3
68,31,3
68,20,3
68,15,3
68,18,1
68,55,3
68,5,3
68,8,3
68,9,3
68,50,1
68,67,3
68,63,3
68,1,3
69,4,3
69,42,2
69,47,2
69,36,0
69,16,2
69,33,0
69,0,0
69,40,1
69,7,0
69,3,0
69,26,0
69,25,2
69,57,2
69,13,0
69,35,2
69,2,2
69,31,0
69,58,0
69,1,2
69,46,1
70,36,1
70,35,4
70,1,2
70,41,2
70,21,2
70,30,2
70,27,4
70,58,2
70,12,3
70,61,2
70,20,4
70,2,0
70,6,1
70,4,3
70,69,4
70,57,2
70,31,0
70,15,2
70,55,2
70,13,2
71,83,0
71,13,0
71,42,2
71,26,0
71,36,2
71,3,0
71,58,1
71,49,0
71,57,2
71,33,4
71,21,0
71,43,2
71,10,2
71,2,0
71,47,0
71,0,0
71,79,1
71,77,1
71,6,0
71,29,0
72,3,1
72,47,0
72,12,0
72,77,0
72,17,0
72,11,2
72,18,2
72,10,0
72,55,0
72,41,0
72,2,0
72,0,0
72,21,0
72,31,0
72,43,0
72,6,0
72,28,0
72,13,0
72,16,2
72,76,0
73,1,4
73,31,0
73,17,3
73,0,3
73,57,4
73,21,0
73,46,1
73,60,2
73,8,3
73,43,1
73,25,0
73,10,4
73,58,0
73,4,3
73,24,3
73,14,0
73,36,0
73,11,2
73,26,3
73,33,0
74,33,0
74,68,0
74,41,1
74,58,3
74,82,0
74,21,0
74,61,0
74,45,0
74,36,3
74,35,4
74,1,4
74,55,4
74,43,4
74,6,3
74,40,3
74,12,1
74,16,2
74,31,4
74,10,4
74,90,4
75,0,2
75,13,2
75,37,2
75,31,2
75,5,2
75,58,2
75,32,2
75,17,2
75,11,2
75,21,2
75,9,2
75,1,2
75,35,2
75,57,2
75,2,4
75,42,2
75,43,2
75,36,2
75,49,2
75,60,2
76,15,0
76,21,3
76,50,0
76,1,0
76,61,0
76,9,3
76,42,3
76,26,3
76,17,0
76,2,3
76,7,0
76,31,3
76,33,0
76,62,3
76,41,3
76,0,3
76,40,0
76,95,4
76,96,1
76,36,3
77,56,1
77,17,3
77,36,3
77,33,3
77,0,3
77,10,3
77,31,3
77,9,3
77,1,4
77,28,1
77,4,3
77,8,0
77,21,3
77,14,0
77,26,3
77,44,3
77,7,3
77,76,3
77,5,3
77,82,3
78,31,2
78,58,1
78,26,2
78,27,2
78,9,2
78,62,2
78,60,2
78,13,2
78,1,2
78,0,2
78,36,2
78,56,2
78,73,2
78,20,2
78,35,2
78,41,2
78,15,2
78,33,2
78,42,2
78,21,2
79,10,4
79,47,2
79,16,2
79,17,3
79,88,2
79,12,1
79,62,2
79,40,1
79,55,2
79,0,3
79,73,3
79,52,2
79,13,1
79,9,2
79,58,3
79,46,4
79,4,3
79,31,2
79,61,2
79,42,3
80,60,2
80,32,2
80,9,2
80,41,2
80,4,2
80,36,2
80,26,2
80,46,2
80,97,2
80,11,2
80,13,2
80,33,2
80,40,2
80,57,2
80,8,2
80,1,2
80,42,2
80,0,2
80,15,2
80,31,2
81,9,1
81,5,1
81,74,1
81,36,1
81,80,1
81,43,1
81,57,1
81,56,1
81,52,1
81,13,1
81,31,1
81,83,1
81,28,1
81,48,1
81,1,1
81,2,1
81,17,1
81,54,1
81,33,1
81,40,1
82,14,0
82,60,0
82,30,0
82,0,0
82,63,0
82,31,0
82,74,0
82,76,0
82,8,0
82,43,0
82,17,0
82,9,0
82,29,0
82,10,0
82,33,0
82,36,0
82,21,0
82,2,0
82,13,0
82,35,0
83,57,3
83,0,3
83,35,3
83,10,3
83,36,3
83,31,3
83,44,3
83,38,3
83,1,3
83,13,3
83,50,1
83,69,3
83,2,4
83,61,3
83,43,3
83,18,0
83,8,3
83,11,2
83,6,3
83,27,4
84,67,1
84,18,1
84,35,4
84,25,0
84,1,1
84,4,1
84,38,2
84,60,2
84,95,0
84,9,1
84,58,0
84,15,1
84,21,0
84,31,0
84,48,1
84,76,1
84,7,4
84,55,1
84,17,1
84,10,1
85,37,0
85,31,0
85,38,1
85,32,0
85,26,0
85,0,3
85,36,0
85,17,1
85,47,0
85,16,2
85,42,1
85,58,1
85,25,0
85,5,0
85,10,0
85,98,1
85,33,0
85,48,0
85,43,1
85,4,1
86,76,0
86,31,0
86,9,0
86,1,0
86,14,0
86,82,0
86,8,0
86,40,0
86,46,0
86,80,0
86,35,4
86,42,0
86,15,1
86,34,0
86,13,0
86,43,0
86,20,0
86,32,0
86,33,0
86,10,0
87,3,1
87,7,1
87,48,2
87,70,0
87,36,2
87,38,2
87,0,2
87,58,2
87,35,2
87,55,2
87,17,2
87,4,1
87,37,1
87,26,2
87,21,2
87,18,2
87,31,2
87,13,2
87,95,2
87,10,2
88,18,0
88,31,0
88,25,1
88,12,0
88,17,0
88,60,1
88,10,0
88,85,1
88,33,0
88,46,1
88,28,1
88,0,0
88,1,1
88,13,1
88,38,1
88,16,2
88,2,4
88,7,1
88,57,1
88,55,1
89,77,4
89,49,3
89,15,1
89,8,3
89,10,3
89,33,3
89,13,3
89,25,3
89,11,2
89,9,3
89,12,2
89,55,3
89,37,3
89,31,3
89,58,1
89,67,3
89,19,2
89,16,0
89,53,1
89,36,3
90,1,0
90,4,0
90,18,0
90,36,0
90,11,2
90,27,0
90,12,0
90,42,0
90,13,0
90,44,1
90,9,0
90,31,0
90,73,0
90,14,3
90,26,0
90,16,2
90,55,0
90,33,0
90,17,0
90,32,0
91,13,2
91,4,2
91,2,2
91,10,2
91,43,2
91,17,2
91,27,2
91,33,2
91,6,2
91,60,2
91,48,2
91,1,2
91,7,2
91,45,2
91,78,2
91,76,2
91,28,2
91,0,2
91,31,2
91,62,2
92,41,1
92,84,1
92,58,1
92,59,0
92,5,1
92,76,1
92,61,4
92,26,1
92,4,1
92,8,1
92,11,2
92,32,1
92,31,1
92,3,1
92,13,1
92,7,1
92,2,1
92,21,1
92,0,1
92,57,1
93,58,0
93,61,2
93,30,2
93,4,3
93,8,2
93,31,2
93,1,2
93,17,3
93,13,2
93,83,2
93,35,2
93,9,2
93,18,2
93,74,2
93,10,2
93,46,2
93,81,3
93,0,2
93,15,2
93,48,3
94,21,3
94,25,3
94,83,3
94,27,1
94,37,3
94,30,3
94,58,3
94,97,1
94,35,3
94,43,3
94,0,3
94,13,3
94,2,3
94,42,3
94,55,1
94,32,3
94,38,3
94,41,1
94,33,1
94,26,3
95,32,3
95,27,4
95,42,3
95,21,3
95,25,1
95,58,3
95,0,3
95,33,3
95,18,1
95,81,1
95,13,3
95,24,3
95,45,3
95,16,2
95,10,3
95,31,3
95,52,1
95,41,3
95,74,4
95,3,3
96,72,0
96,40,0
96,41,0
96,25,0
96,1,0
96,35,0
96,0,0
96,58,0
96,8,0
96,3,0
96,22,0
96,26,0
96,56,0
96,21,0
96,36,0
96,57,0
96,31,0
96,83,0
96,10,0
96,48,0
97,16,2
97,13,0
97,69,0
97,53,0
97,31,0
97,7,0
97,33,0
97,18,0
97,9,0
97,3,1
97,12,4
97,27,0
97,17,0
97,26,0
97,21,0
97,55,0
97,29,0
97,35,0
97,63,1
97,15,0
98,13,1
98,15,3
98,21,1
98,40,1
98,35,1
98,17,1
98,12,1
98,62,4
98,16,2
98,48,1
98,27,4
98,9,1
98,26,1
98,49,1
98,4,1
98,11,2
98,7,1
98,42,1
98,58,1
98,57,1
99,41,2
99,58,3
99,31,3
99,21,3
99,32,3
99,77,3
99,5,3
99,9,2
99,26,3
99,56,3
99,3,3
99,4,3
99,40,3
99,13,3
99,33,3
99,11,2
99,30,3
99,55,3
99,1,4
99,17,3
100,63,2
100,5,2
100,9,2
100,28,2
100,24,4
100,82,0
100,15,2
100,67,2
100,36,2
100,26,0
100,1,2
100,42,2
100,0,3
100,12,2
100,18,2
100,3,1
100,7,2
100,51,4
100,25,2
100,10,2
101,25,2
101,18,2
101,49,1
101,0,1
101,35,1
101,31,2
101,17,2
101,38,2
101,4,1
101,62,1
101,55,2
101,60,2
101,16,2
101,28,2
101,9,2
101,15,2
101,19,2
101,67,2
101,36,2
101,26,2
102,43,1
102,57,1
102,9,1
102,58,1
102,11,2
102,26,1
102,37,1
102,46,1
102,8,1
102,76,1
102,80,1
102,38,1
102,31,1
102,0,1
102,55,1
102,13,1
102,1,1
102,36,1
102,16,2
102,33,1
103,2,0
103,43,0
103,33,3
103,37,0
103,17,3
103,58,3
103,31,3
103,13,1
103,1,3
103,12,1
103,35,3
103,21,3
103,41,3
103,15,1
103,26,3
103,70,3
103,9,3
103,4,3
103,61,3
103,11,2
104,10,0
104,23,0
104,26,0
104,50,0
104,13,0
104,90,0
104,8,0
104,12,0
104,7,0
104,60,0
104,35,4
104,4,0
104,1,0
104,21,0
104,2,0
104,82,0
104,18,0
104,76,1
104,36,0
104,31,0
105,13,3
105,74,1
105,55,1
105,7,3
105,82,2
105,43,3
105,73,1
105,21,3
105,61,2
105,0,3
105,28,2
105,9,3
105,36,3
105,58,3
105,40,3
105,35,4
105,31,3
105,30,3
105,56,1
105,15,2
106,31,1
106,1,1
106,25,1
106,42,1
106,8,1
106,26,1
106,13,1
106,2,1
106,33,1
106,37,4
106,35,1
106,0,1
106,63,1
106,9,1
106,36,1
106,3,1
106,5,1
106,80,1
106,21,1
106,47,1
107,1,0
107,21,0
107,47,1
107,27,1
107,4,2
107,36,4
107,34,0
107,26,2
107,0,2
107,32,2
107,46,0
107,2,4
107,31,2
107,76,1
107,17,2
107,80,1
107,35,4
107,55,0
107,79,1
107,60,2
108,4,3
108,35,0
108,55,3
108,18,4
108,42,3
108,31,3
108,9,3
108,17,3
108,13,3
108,0,3
108,1,3
108,39,3
108,36,3
108,6,3
108,57,3
108,25,3
108,26,3
108,2,4
108,43,4
108,5,2
109,15,2
109,6,2
109,68,2
109,7,2
109,26,2
109,0,2
109,9,2
109,31,2
109,5,2
109,35,2
109,21,2
109,46,2
109,2,2
109,32,2
109,13,2
109,18,2
109,65,2
109,85,2
109,58,2
109,27,2
110,10,3
110,31,3
110,2,3
110,49,3
110,26,3
110,13,3
110,21,3
110,12,1
110,3,3
110,11,2
110,74,1
110,20,3
110,0,3
110,33,0
110,8,3
110,15,4
110,55,4
110,46,3
110,32,3
110,78,3
111,73,0
111,42,0
111,13,0
111,0,0
111,70,0
111,58,0
111,72,0
111,38,0
111,92,0
111,51,0
111,62,0
111,40,0
111,7,0
111,76,0
111,79,0
111,63,0
111,36,0
111,8,0
111,91,0
111,33,0
112,15,2
112,31,2
112,1,1
112,63,1
112,33,0
112,86,2
112,57,1
112,3,2
112,56,2
112,7,2
112,16,2
112,10,2
112,4,1
112,22,2
112,75,1
112,27,0
112,17,1
112,58,1
112,42,2
112,11,2
113,32,1
113,25,1
113,27,2
113,16,2
113,20,3
113,76,1
113,9,2
113,31,2
113,6,1
113,38,1
113,33,2
113,47,2
113,13,1
113,26,1
113,41,2
113,0,1
113,35,2
113,21,1
113,58,1
113,52,2
114,61,4
114,21,1
114,6,1
114,97,1
114,1,1
114,10,1
114,46,1
114,32,1
114,9,1
114,79,1
114,50,1
114,0,1
114,4,1
114,31,1
114,39,1
114,33,1
114,48,1
114,13,1
114,12,1
114,43,1
115,75,1
115,29,0
115,35,1
115,46,0
115,0,0
115,31,0
115,12,0
115,48,0
115,28,1
115,36,0
115,9,0
115,18,2
115,13,0
115,26,0
115,11,2
115,2,2
115,21,0
115,16,0
115,5,0
115,27,0
116,1,0
116,26,0
116,23,0
116,9,3
116,35,0
116,18,0
116,31,0
116,0,0
116,57,1
116,19,2
116,41,0
116,17,3
116,33,0
116,4,0
116,8,3
116,43,3
116,7,4
116,55,1
116,60,0
116,74,1
117,57,0
117,35,0
117,36,0
117,31,0
117,60,0
117,5,0
117,7,0
117,58,0
117,4,0
117,61,0
117,18,4
117,37,0
117,26,0
117,62,0
117,24,0
117,74,0
117,40,0
117,1,0
117,69,0
117,11,2
118,86,2
118,15,2
118,18,2
118,85,2
118,41,2
118,9,2
118,27,0
118,43,2
118,36,2
118,5,0
118,76,2
118,10,2
118,57,2
118,52,2
118,4,2
118,3,2
118,58,0
118,78,4
118,35,2
118,21,2
119,48,2
119,0,2
119,41,2
119,36,2
119,19,2
119,95,2
119,24,2
119,35,2
119,8,2
119,63,2
119,59,2
119,21,2
119,56,2
119,83,2
119,42,2
119,47,2
119,27,2
119,55,2
119,13,2
119,31,2
120,25,1
120,15,3
120,20,1
120,28,1
120,41,1
120,31,1
120,56,1
120,42,1
120,26,1
120,50,1
120,0,1
120,30,1
120,11,2
120,3,1
120,21,1
120,49,1
120,83,1
120,57,1
120,36,1
120,13,1
121,48,1
121,11,2
121,2,1
121,31,1
121,57,1
121,74,1
121,21,1
121,17,1
121,9,1
121,35,1
121,43,1
121,10,1
121,18,1
121,0,1
121,26,1
121,30,1
121,13,1
121,15,3
121,27,1
121,8,1
122,13,0
122,21,0
122,73,0
122,68,0
122,8,0
122,1,0
122,74,0
122,4,0
122,37,0
122,58,0
122,31,0
122,57,0
122,33,0
122,32,0
122,26,0
122,2,0
122,55,0
122,0,0
122,10,0
122,61,0
123,17,0
123,37,0
123,12,4
123,63,2
123,26,2
123,15,1
123,23,4
123,21,0
123,62,0
123,31,2
123,36,0
123,4,0
123,33,2
123,13,0
123,35,4
123,25,2
123,58,0
123,8,4
123,18,2
123,41,2
124,44,3
124,8,3
124,77,2
124,74,2
124,31,3
124,1,1
124,21,3
124,28,2
124,57,3
124,3,3
124,13,3
124,42,1
124,9,3
124,40,3
124,18,1
124,4,3
124,43,3
124,94,2
124,33,3
124,5,3
125,78,2
125,17,2
125,4,2
125,13,2
125,42,2
125,7,2
125,11,2
125,62,2
125,3,2
125,21,2
125,46,2
125,31,2
125,0,1
125,49,2
125,36,2
125,32,2
125,57,2
125,55,2
125,47,2
125,38,2
126,36,1
126,0,1
126,21,1
126,15,3
126,78,1
126,58,1
126,60,3
126,41,1
126,6,1
126,31,1
126,16,2
126,17,1
126,10,1
126,14,1
126,57,1
126,24,1
126,13,1
126,9,1
126,35,1
126,42,1
127,16,2
127,24,2
127,86,2
127,11,2
127,13,2
127,46,2
127,8,2
127,67,2
127,47,2
127,4,2
127,50,2
127,9,2
127,14,2
127,26,2
127,18,2
127,79,1
127,31,2
127,61,2
127,2,2
127,12,2
128,35,0
128,49,0
128,6,0
128,56,0
128,76,0
128,43,4
128,11,2
128,13,0
128,99,0
128,31,0
128,57,0
128,55,4
128,26,0
128,36,0
128,33,0
128,0,0
128,21,0
128,15,0
128,37,0
128,77,0
129,58,1
129,15,3
129,56,1
129,10,1
129,47,1
129,73,1
129,59,1
129,42,1
129,97,1
129,57,1
129,3,1
129,26,1
129,13,1
129,9,1
129,28,1
129,33,1
129,21,1
129,33,1
129,1,1
129,31,1
130,9,1
130,3,1
130,13,0
130,63,0
130,1,0
130,38,4
130,6,0
130,14,3
130,58,0
130,49,1
130,25,0
130,16,2
130,2,0
130,57,0
130,12,0
130,0,0
130,21,0
130,31,0
130,4,3
130,32,0
131,49,3
131,14,3
131,32,3
131,61,2
131,40,3
131,10,3
131,12,3
131,17,3
131,9,3
131,26,2
131,31,3
131,30,2
131,29,2
131,47,2
131,76,3
131,60,2
131,21,3
131,4,3
131,67,3
131,41,3
132,66,1
132,11,2
132,15,3
132,8,1
132,32,1
132,9,1
132,35,1
132,33,4
132,0,1
132,31,1
132,13,1
132,21,1
132,7,1
132,12,1
132,85,1
132,26,1
132,100,1
132,16,2
132,27,4
132,41,1
133,36,1
133,2,1
133,73,1
133,13,1
133,9,1
133,99,3
133,54,1
133,55,1
133,33,3
133,43,3
133,41,3
133,7,1
133,31,1
133,47,1
133,26,1
133,1,1
133,4,3
133,20,1
133,57,1
133,21,1
134,55,1
134,86,2
134,36,1
134,2,1
134,42,1
134,26,1
134,41,2
134,60,1
134,31,1
134,4,1
134,30,1
134,12,1
134,18,1
134,76,1
134,20,1
134,3,1
134,95,2
134,1,1
134,13,1
134,43,2
135,9,2
135,32,2
135,18,2
135,80,1
135,25,2
135,4,3
135,13,1
135,5,2
135,31,2
135,21,2
135,36,2
135,26,2
135,45,1
135,11,2
135,61,2
135,17,1
135,47,2
135,2,2
135,10,2
135,43,2
136,31,3
136,10,0
136,4,3
136,62,1
136,57,1
136,32,1
136,36,1
136,43,4
136,60,1
136,38,1
136,0,4
136,50,1
136,33,0
136,11,2
136,13,0
136,27,0
136,26,1
136,21,4
136,95,4
136,58,1
137,56,1
137,27,2
137,58,1
137,55,2
137,47,0
137,21,2
137,26,2
137,13,2
137,0,2
137,36,0
137,37,0
137,14,0
137,32,2
137,43,2
137,11,2
137,64,2
137,10,2
137,9,2
137,4,2
137,35,2
138,60,3
138,18,1
138,84,1
138,13,1
138,97,1
138,56,1
138,50,1
138,1,1
138,33,1
138,31,1
138,7,1
138,4,1
138,21,1
138,10,1
138,57,1
138,35,1
138,23,1
138,41,1
138,69,1
138,19,2
139,33,3
139,11,2
139,26,3
139,62,3
139,58,3
139,31,3
139,43,3
139,0,3
139,5,3
139,6,3
139,57,3
139,63,3
139,56,3
139,38,3
139,13,3
139,35,3
139,69,3
139,42,3
139,37,3
139,15,1
140,30,1
140,0,0
140,40,2
140,2,0
140,35,1
140,49,1
140,24,0
140,52,2
140,13,1
140,58,0
140,57,1
140,31,2
140,7,1
140,11,2
140,9,0
140,64,4
140,8,1
140,21,0
140,69,1
140,14,1
141,11,2
141,91,0
141,21,0
141,36,0
141,7,0
141,1,0
141,0,3
141,27,0
141,2,0
141,14,3
141,9,0
141,41,0
141,53,0
141,35,0
141,13,0
141,61,0
141,50,0
141,42,0
141,33,0
141,57,0
142,40,3
142,73,3
142,27,3
142,33,0
142,9,3
142,12,1
142,76,3
142,41,3
142,0,3
142,57,3
142,58,3
142,5,3
142,35,3
142,10,3
142,21,3
142,13,3
142,26,3
142,1,3
142,31,3
142,11,2
143,21,0
143,11,2
143,81,0
143,38,0
143,16,2
143,26,0
143,35,0
143,67,0
143,8,0
143,31,0
143,6,0
143,1,2
143,66,0
143,7,0
143,3,0
143,58,0
143,43,0
143,82,0
143,25,0
143,55,0
144,30,2
144,21,2
144,33,2
144,10,2
144,17,2
144,67,2
144,8,2
144,9,2
144,55,2
144,0,2
144,6,2
144,13,2
144,35,2
144,32,2
144,57,2
144,3,2
144,31,2
144,36,2
144,50,2
144,40,2
145,56,3
145,1,2
145,0,3
145,33,2
145,26,2
145,35,2
145,49,2
145,8,2
145,54,2
145,57,2
145,12,2
145,10,2
145,58,2
145,31,2
145,9,2
145,37,2
145,4,3
145,21,2
145,43,2
145,13,2
146,10,2
146,8,2
146,33,2
146,56,2
146,31,2
146,20,2
146,25,2
146,64,2
146,15,2
146,9,2
146,4,2
146,21,2
146,57,2
146,13,2
146,26,2
146,6,2
146,0,2
146,63,2
146,1,2
146,50,2
147,12,2
147,15,1
147,21,2
147,33,2
147,36,2
147,13,3
147,32,3
147,0,3
147,91,3
147,1,2
147,16,2
147,31,2
147,4,1
147,30,1
147,17,2
147,6,1
147,10,2
147,18,2
147,5,2
147,26,2
148,85,4
148,21,3
148,65,3
148,46,3
148,43,3
148,24,3
148,22,3
148,57,3
148,58,3
148,8,3
148,36,3
148,31,3
148,34,3
148,19,2
148,20,3
148,13,3
148,49,3
148,10,3
148,26,3
148,18,2
149,35,1
149,1,4
149,27,2
149,17,3
149,37,0
149,36,1
149,47,3
149,3,4
149,42,3
149,58,0
149,15,1
149,21,3
149,4,3
149,6,3
149,13,3
149,9,1
149,57,3
149,31,3
149,63,3
149,10,3
150,33,4
150,62,1
150,31,2
150,0,3
150,17,3
150,43,1
150,9,2
150,18,2
150,12,3
150,10,3
150,13,1
150,60,1
150,37,2
150,58,1
150,80,1
150,21,1
150,49,1
150,24,1
150,86,1
150,11,2
151,13,2
151,56,2
151,37,2
151,52,2
151,33,2
151,31,2
151,28,2
151,58,2
151,80,2
151,62,2
151,4,2
151,1,2
151,49,2
151,2,2
151,48,2
151,55,2
151,32,2
151,7,2
151,35,2
151,50,2
152,61,3
152,40,3
152,57,3
152,13,3
152,58,0
152,48,3
152,64,3
152,10,3
152,62,3
152,33,3
152,4,3
152,37,3
152,31,3
152,26,3
152,17,3
152,42,3
152,74,1
152,9,3
152,38,3
152,46,3
153,15,3
153,21,1
153,0,1
153,53,2
153,14,3
153,38,2
153,10,4
153,58,3
153,17,1
153,18,2
153,90,2
153,42,1
153,4,1
153,48,1
153,3,1
153,57,1
153,2,2
153,43,1
153,76,1
153,41,2
154,7,3
154,60,3
154,9,3
154,1,3
154,55,3
154,2,4
154,31,3
154,4,3
154,38,3
154,12,1
154,10,3
154,92,1
154,24,4
154,0,3
154,36,3
154,80,1
154,42,3
154,58,3
154,21,3
154,57,3
155,10,3
155,2,2
155,77,3
155,19,2
155,16,2
155,4,3
155,0,3
155,13,3
155,21,3
155,76,3
155,31,3
155,42,2
155,33,3
155,8,1
155,58,3
155,37,1
155,36,3
155,26,3
155,79,3
155,55,2
156,31,2
156,11,2
156,16,2
156,15,2
156,7,2
156,8,2
156,13,2
156,36,2
156,19,2
156,1,2
156,2,2
156,38,2
156,4,2
156,21,2
156,76,1
156,5,2
156,57,2
156,12,2
156,0,2
156,63,2
157,52,2
157,60,1
157,1,2
157,13,1
157,9,2
157,50,2
157,56,2
157,10,3
157,57,4
157,31,3
157,43,2
157,75,2
157,21,2
157,12,2
157,26,3
157,38,3
157,2,2
157,5,2
157,36,2
157,73,2
158,11,2
158,43,1
158,63,2
158,27,1
158,58,2
158,56,2
158,0,2
158,32,2
158,1,0
158,33,2
158,49,2
158,42,2
158,4,2
158,8,2
158,13,2
158,12,2
158,31,2
158,18,2
158,24,2
158,35,2
159,31,3
159,33,4
159,10,3
159,21,3
159,57,3
159,41,3
159,5,3
159,32,3
159,18,2
159,1,1
159,26,3
159,58,3
159,7,3
159,42,2
159,40,3
159,60,3
159,43,3
159,12,1
159,15,2
159,0,3
160,9,1
160,32,1
160,2,1
160,4,1
160,60,1
160,78,1
160,35,1
160,13,1
160,18,1
160,66,1
160,50,1
160,25,1
160,51,1
160,31,1
160,36,1
160,57,1
160,38,1
160,28,1
160,0,1
160,67,1
161,13,1
161,95,0
161,60,1
161,36,1
161,58,0
161,27,0
161,18,0
161,11,2
161,5,1
161,9,1
161,49,1
161,0,1
161,31,0
161,10,1
161,4,1
161,12,1
161,101,1
161,45,1
161,67,1
161,30,0
162,31,3
162,1,1
162,8,2
162,60,1
162,10,3
162,52,1
162,48,3
162,26,3
162,13,3
162,36,3
162,67,3
162,15,2
162,11,2
162,90,3
162,57,3
162,27,3
162,21,3
162,58,3
162,84,3
162,6,3
163,67,0
163,13,0
163,36,0
163,41,1
163,17,0
163,26,0
163,30,1
163,1,0
163,3,1
163,33,0
163,31,1
163,2,0
163,90,1
163,43,1
163,80,2
163,42,3
163,46,0
163,9,0
163,45,1
163,76,3
164,0,1
164,36,2
164,21,2
164,35,1
164,83,1
164,13,1
164,49,1
164,33,4
164,58,2
164,42,1
164,15,2
164,26,1
164,31,1
164,2,1
164,47,1
164,11,2
164,55,1
164,1,1
164,38,1
164,60,1
165,0,3
165,41,3
165,12,1
165,36,3
165,1,3
165,76,3
165,31,1
165,35,0
165,26,3
165,24,3
165,11,2
165,5,3
165,21,0
165,13,1
165,9,3
165,38,4
165,18,1
165,47,0
165,4,3
165,58,1
166,42,0
166,55,0
166,5,0
166,41,0
166,60,0
166,44,0
166,35,4
166,1,0
166,24,0
166,0,0
166,47,0
166,13,0
166,26,0
166,38,0
166,73,0
166,37,0
166,46,1
166,16,2
166,8,0
166,21,0
167,2,0
167,9,1
167,7,4
167,8,0
167,35,2
167,13,1
167,33,0
167,15,4
167,58,1
167,57,2
167,31,1
167,11,2
167,38,2
167,0,4
167,21,0
167,67,1
167,27,2
167,42,2
167,26,0
167,60,1
168,42,3
168,60,1
168,38,3
168,41,3
168,31,4
168,9,3
168,19,4
168,5,3
168,36,3
168,3,3
168,77,3
168,13,3
168,27,0
168,40,1
168,57,3
168,32,3
168,61,0
168,28,0
168,7,1
168,55,3
169,9,3
169,43,3
169,83,3
169,15,2
169,0,3
169,13,3
169,58,3
169,33,3
169,97,3
169,21,3
169,35,3
169,6,3
169,10,3
169,18,2
169,1,3
169,31,3
169,12,3
169,4,3
169,26,3
169,56,3
170,33,4
170,13,3
170,21,4
170,40,3
170,0,3
170,102,3
170,26,3
170,41,1
170,11,2
170,20,4
170,2,4
170,37,1
170,36,3
170,1,3
170,84,3
170,5,3
170,55,4
170,32,3
170,60,1
170,31,3
171,30,3
171,7,3
171,35,3
171,8,0
171,18,4
171,6,3
171,42,3
171,59,3
171,5,3
171,24,4
171,21,3
171,28,0
171,50,1
171,9,0
171,31,3
171,83,3
171,4,3
171,55,1
171,58,3
171,26,3
172,0,1
172,9,1
172,13,1
172,7,0
172,26,0
172,24,1
172,45,1
172,30,1
172,3,1
172,5,4
172,28,4
172,69,4
172,80,1
172,60,1
172,61,4
172,1,4
172,46,1
172,31,1
172,25,1
172,57,1
173,9,2
173,35,2
173,85,2
173,52,2
173,0,1
173,48,2
173,13,2
173,18,2
173,4,3
173,17,4
173,77,2
173,57,2
173,11,2
173,76,1
173,42,2
173,2,2
173,10,2
173,31,2
173,58,2
173,1,2
174,11,2
174,5,3
174,1,3
174,37,3
174,38,3
174,41,3
174,21,3
174,0,3
174,32,3
174,55,3
174,76,3
174,35,3
174,20,3
174,17,3
174,58,3
174,103,0
174,31,3
174,24,3
174,4,3
174,13,3
175,9,2
175,44,3
175,31,2
175,43,2
175,37,2
175,57,2
175,35,2
175,4,3
175,32,2
175,13,2
175,47,2
175,2,2
175,12,3
175,46,2
175,21,2
175,77,1
175,8,2
175,6,2
175,36,2
175,41,2
176,41,3
176,57,0
176,15,0
176,7,3
176,66,0
176,13,3
176,90,0
176,35,0
176,12,3
176,43,0
176,31,3
176,10,3
176,73,3
176,4,3
176,26,0
176,50,0
176,58,0
176,9,3
176,49,0
176,21,3
177,38,1
177,43,1
177,0,3
177,55,4
177,15,3
177,26,1
177,5,4
177,36,1
177,58,1
177,12,1
177,13,1
177,65,1
177,24,0
177,57,1
177,9,1
177,83,1
177,41,1
177,8,1
177,25,4
177,10,1
178,10,2
178,35,1
178,58,1
178,13,1
178,40,1
178,24,2
178,76,1
178,31,1
178,41,2
178,5,2
178,12,1
178,55,1
178,32,2
178,36,1
178,73,2
178,9,1
178,33,0
178,0,1
178,15,2
178,1,1
179,13,0
179,58,0
179,35,0
179,5,0
179,31,0
179,21,0
179,48,0
179,32,0
179,0,0
179,8,0
179,26,0
179,18,0
179,11,2
179,61,0
179,33,0
179,55,0
179,9,0
179,36,0
179,56,0
179,40,0
180,34,1
180,35,3
180,56,3
180,31,3
180,67,3
180,43,3
180,13,3
180,55,3
180,33,4
180,47,2
180,0,3
180,76,3
180,61,3
180,15,2
180,40,1
180,6,3
180,24,3
180,32,3
180,5,3
180,21,3
181,57,1
181,40,1
181,63,1
181,7,1
181,60,0
181,3,1
181,13,1
181,31,1
181,43,1
181,36,1
181,16,2
181,15,3
181,9,1
181,12,1
181,24,1
181,0,1
181,80,1
181,47,1
181,38,1
181,35,1
182,9,0
182,27,4
182,31,0
182,7,3
182,74,1
182,36,0
182,0,3
182,4,0
182,14,4
182,67,4
182,26,0
182,35,4
182,10,4
182,61,4
182,17,4
182,43,1
182,2,0
182,38,1
182,40,4
182,33,0
183,17,0
183,18,1
183,6,1
183,48,1
183,58,0
183,76,1
183,8,1
183,27,0
183,69,1
183,13,1
183,81,1
183,31,1
183,33,1
183,25,0
183,96,0
183,9,0
183,21,1
183,56,1
183,78,1
183,36,1
184,53,1
184,33,2
184,31,2
184,3,2
184,44,1
184,58,2
184,13,1
184,42,2
184,72,2
184,27,2
184,61,1
184,56,1
184,26,1
184,43,0
184,80,2
184,38,1
184,21,2
184,49,1
184,28,1
184,10,2
185,42,3
185,48,1
185,18,0
185,4,3
185,15,1
185,13,1
185,8,3
185,35,3
185,5,3
185,26,3
185,21,0
185,11,2
185,82,1
185,31,3
185,1,3
185,43,1
185,24,3
185,55,3
185,0,1
185,76,3
186,14,2
186,62,2
186,60,2
186,43,2
186,36,2
186,13,2
186,31,2
186,63,2
186,8,2
186,4,2
186,41,2
186,32,2
186,33,2
186,82,2
186,9,2
186,0,2
186,1,2
186,44,2
186,42,2
186,40,2
187,30,3
187,38,3
187,12,3
187,104,3
187,47,3
187,20,2
187,43,3
187,35,3
187,27,2
187,94,2
187,31,3
187,32,3
187,62,3
187,38,3
187,21,3
187,42,3
187,55,3
187,105,2
187,18,2
187,106,2
188,42,0
188,36,0
188,0,0
188,40,0
188,58,0
188,26,0
188,17,0
188,24,0
188,60,0
188,74,1
188,41,0
188,76,0
188,57,0
188,13,0
188,97,0
188,47,0
188,37,0
188,9,0
188,43,0
188,31,0
189,55,2
189,58,2
189,31,2
189,4,2
189,42,1
189,35,1
189,60,2
189,41,1
189,38,2
189,0,2
189,9,2
189,7,1
189,57,1
189,10,2
189,18,0
189,47,2
189,16,2
189,13,2
189,37,2
189,21,2
190,46,3
190,40,3
190,65,3
190,23,3
190,62,3
190,43,3
190,10,3
190,28,4
190,90,3
190,24,3
190,8,3
190,15,0
190,58,3
190,5,3
190,17,3
190,13,3
190,1,0
190,57,3
190,26,3
190,31,3
191,35,3
191,41,3
191,82,0
191,5,3
191,31,3
191,11,2
191,13,3
191,27,3
191,8,3
191,18,1
191,40,3
191,17,3
191,60,4
191,0,3
191,95,3
191,1,1
191,55,3
191,12,3
191,62,3
191,56,3
192,14,0
192,42,1
192,21,0
192,55,0
192,12,1
192,57,1
192,11,2
192,46,1
192,18,1
192,76,0
192,49,1
192,20,0
192,58,0
192,17,1
192,47,0
192,1,1
192,56,1
192,77,0
192,31,1
192,40,1
193,40,1
193,30,1
193,21,1
193,1,1
193,35,4
193,12,1
193,10,4
193,33,4
193,61,1
193,26,1
193,58,1
193,8,1
193,13,1
193,6,1
193,42,1
193,0,3
193,55,3
193,31,4
193,17,4
193,57,3
194,49,2
194,2,2
194,26,2
194,8,2
194,60,2
194,35,2
194,48,2
194,10,2
194,66,2
194,13,2
194,32,2
194,82,2
194,38,2
194,12,2
194,58,2
194,78,2
194,6,2
194,70,2
194,9,2
194,63,2
195,37,0
195,4,3
195,18,1
195,68,3
195,31,3
195,41,3
195,15,2
195,17,3
195,30,3
195,60,2
195,42,3
195,7,4
195,56,3
195,35,3
195,33,3
195,16,2
195,67,3
195,0,3
195,55,3
195,23,3
196,2,0
196,35,0
196,28,0
196,21,0
196,18,2
196,15,0
196,17,0
196,40,2
196,58,1
196,4,3
196,9,4
196,43,4
196,60,2
196,55,0
196,10,2
196,27,0
196,20,0
196,3,2
196,36,0
196,8,0
197,4,0
197,18,0
197,46,3
197,1,0
197,55,0
197,5,0
197,25,0
197,43,0
197,57,1
197,49,0
197,76,3
197,31,0
197,10,3
197,60,0
197,13,0
197,26,0
197,21,0
197,15,0
197,42,0
197,33,1
198,68,2
198,5,2
198,12,2
198,0,2
198,70,2
198,63,2
198,27,2
198,18,2
198,33,2
198,4,2
198,90,2
198,13,2
198,57,2
198,53,2
198,47,2
198,31,2
198,76,2
198,43,2
198,33,2
198,26,2
199,7,2
199,55,2
199,17,2
199,5,2
199,13,2
199,73,2
199,0,2
199,69,2
199,28,2
199,31,2
199,61,2
199,35,2
199,44,2
199,26,2
199,42,2
199,47,2
199,10,2
199,4,2
199,21,2
199,79,2
200,12,1
200,57,4
200,58,3
200,17,1
200,13,1
200,21,0
200,46,0
200,0,1
200,25,2
200,43,1
200,47,1
200,11,2
200,38,1
200,76,1
200,42,2
200,33,4
200,61,1
200,10,1
200,9,1
200,31,2
201,13,0
201,67,0
201,46,1
201,9,4
201,42,0
201,56,1
201,8,0
201,36,0
201,21,4
201,24,1
201,26,3
201,31,0
201,85,0
201,25,0
201,12,3
201,4,3
201,33,2
201,79,0
201,41,0
201,15,0
202,55,1
202,54,1
202,60,1
202,21,1
202,37,1
202,46,1
202,26,1
202,10,1
202,11,2
202,18,0
202,48,3
202,31,2
202,95,1
202,40,1
202,15,2
202,9,1
202,58,1
202,61,2
202,1,0
202,30,1
203,26,1
203,41,1
203,35,1
203,0,1
203,95,1
203,12,1
203,56,1
203,7,1
203,38,1
203,31,4
203,37,1
203,57,1
203,21,1
203,13,1
203,9,1
203,15,3
203,33,1
203,4,0
203,24,4
203,49,1
204,5,3
204,76,3
204,46,3
204,13,3
204,11,2
204,49,3
204,17,3
204,10,3
204,41,3
204,21,3
204,9,3
204,36,3
204,1,3
204,31,3
204,0,3
204,33,3
204,30,3
204,58,3
204,70,3
204,8,3
205,11,2
205,60,1
205,2,4
205,36,3
205,6,3
205,18,2
205,84,3
205,15,4
205,0,3
205,12,1
205,42,3
205,13,4
205,64,4
205,10,3
205,58,1
205,9,3
205,40,3
205,31,0
205,24,4
205,28,1
206,30,2
206,13,2
206,18,2
206,2,0
206,11,2
206,33,2
206,41,1
206,76,1
206,7,1
206,42,2
206,35,1
206,62,2
206,25,2
206,55,2
206,48,2
206,15,2
206,36,4
206,31,2
206,21,2
206,17,1
207,39,1
207,42,1
207,3,3
207,13,0
207,37,0
207,33,0
207,26,1
207,38,1
207,17,3
207,12,1
207,31,3
207,1,3
207,46,1
207,57,3
207,36,3
207,54,0
207,58,3
207,5,3
207,15,0
207,18,0
208,89,2
208,1,2
208,38,2
208,5,2
208,54,2
208,27,2
208,43,2
208,62,2
208,26,2
208,41,2
208,12,2
208,0,2
208,13,2
208,49,2
208,18,2
208,31,2
208,35,2
208,9,2
208,33,2
208,11,2
209,8,3
209,4,3
209,9,3
209,51,3
209,11,2
209,33,3
209,30,3
209,76,3
209,2,4
209,36,3
209,61,3
209,32,3
209,13,3
209,56,3
209,1,2
209,16,0
209,37,1
209,0,3
209,10,3
209,43,3
210,10,2
210,40,2
210,76,2
210,13,2
210,25,2
210,0,2
210,30,1
210,88,1
210,15,2
210,58,2
210,38,2
210,53,1
210,31,2
210,36,2
210,26,1
210,80,1
210,2,0
210,4,1
210,12,2
210,33,2
211,9,1
211,26,1
211,57,1
211,35,1
211,27,1
211,12,1
211,58,1
211,1,1
211,55,1
211,6,1
211,5,1
211,31,1
211,38,1
211,79,1
211,21,1
211,0,1
211,32,1
211,36,1
211,42,1
211,13,1
212,72,0
212,26,0
212,5,0
212,10,0
212,78,0
212,9,0
212,35,0
212,42,0
212,16,2
212,13,0
212,36,0
212,31,0
212,2,0
212,57,0
212,7,0
212,11,2
212,15,0
212,18,0
212,63,0
212,48,0
213,36,1
213,49,1
213,41,1
213,31,1
213,57,1
213,10,1
213,17,1
213,20,1
213,1,1
213,33,1
213,40,1
213,47,1
213,43,1
213,73,1
213,95,1
213,52,1
213,0,1
213,55,1
213,63,1
213,13,1
214,26,3
214,40,1
214,49,3
214,58,3
214,15,0
214,35,3
214,3,3
214,57,3
214,56,3
214,27,0
214,68,3
214,63,3
214,21,3
214,13,3
214,55,1
214,38,3
214,41,0
214,0,3
214,12,3
214,102,0
215,61,1
215,36,0
215,3,1
215,6,0
215,60,1
215,2,0
215,57,4
215,18,1
215,31,1
215,32,0
215,0,0
215,26,0
215,35,0
215,30,0
215,21,0
215,15,0
215,10,0
215,37,1
215,41,1
215,13,1
216,77,2
216,42,2
216,43,2
216,20,2
216,8,2
216,73,2
216,37,0
216,31,2
216,0,2
216,32,2
216,7,2
216,9,2
216,62,2
216,61,2
216,57,2
216,18,2
216,1,2
216,58,2
216,26,2
216,21,2
217,26,1
217,31,1
217,104,4
217,30,1
217,28,2
217,49,1
217,18,1
217,42,3
217,13,1
217,82,1
217,1,1
217,33,4
217,21,1
217,35,1
217,7,4
217,107,1
217,4,4
217,9,4
217,38,2
217,0,3
218,0,0
218,15,2
218,4,0
218,41,1
218,61,2
218,47,0
218,38,1
218,70,0
218,60,1
218,17,0
218,9,0
218,40,0
218,26,0
218,18,2
218,57,1
218,13,0
218,63,1
218,21,0
218,1,3
218,31,2
219,40,2
219,33,2
219,22,2
219,21,2
219,4,2
219,56,2
219,3,2
219,1,2
219,57,2
219,0,2
219,53,2
219,79,2
219,13,2
219,38,2
219,7,2
219,31,2
219,36,2
219,41,2
219,17,2
219,18,2
220,13,1
220,58,1
220,51,1
220,21,1
220,30,1
220,42,1
220,57,1
220,7,1
220,25,1
220,55,1
220,31,1
220,0,1
220,18,1
220,6,1
220,24,1
220,68,1
220,33,4
220,48,1
220,41,1
220,50,1
221,18,1
221,16,2
221,10,4
221,90,4
221,35,4
221,60,1
221,0,1
221,33,1
221,58,1
221,4,1
221,9,1
221,57,1
221,76,1
221,56,1
221,11,2
221,26,4
221,41,1
221,31,4
221,2,1
221,8,1
222,3,3
222,49,0
222,9,0
222,29,0
222,97,0
222,20,3
222,57,0
222,43,0
222,0,0
222,21,0
222,40,0
222,35,0
222,31,0
222,13,0
222,56,0
222,62,0
222,36,0
222,48,0
222,30,0
222,58,0
223,58,1
223,60,1
223,4,3
223,26,0
223,27,0
223,30,0
223,9,3
223,21,0
223,11,2
223,5,0
223,18,1
223,1,0
223,31,0
223,16,2
223,36,3
223,54,4
223,35,0
223,57,0
223,46,3
223,3,1
224,41,1
224,80,1
224,43,4
224,12,1
224,4,1
224,28,1
224,10,4
224,24,1
224,58,3
224,77,1
224,11,2
224,0,1
224,17,3
224,15,1
224,32,1
224,33,1
224,25,1
224,9,1
224,16,2
224,31,1
225,21,3
225,41,1
225,5,3
225,96,1
225,10,3
225,9,3
225,33,3
225,27,4
225,32,3
225,55,3
225,0,3
225,31,4
225,46,1
225,3,3
225,11,2
225,35,2
225,12,1
225,80,2
225,8,3
225,24,4
226,37,2
226,33,4
226,56,3
226,2,3
226,41,3
226,21,3
226,31,3
226,58,1
226,1,1
226,79,3
226,42,3
226,57,1
226,55,3
226,43,3
226,82,2
226,26,3
226,13,3
226,90,3
226,47,3
226,8,2
227,7,1
227,38,1
227,33,1
227,30,1
227,80,1
227,10,1
227,13,1
227,57,1
227,43,1
227,42,1
227,31,1
227,9,1
227,21,1
227,97,1
227,36,1
227,55,1
227,15,3
227,0,1
227,32,1
227,60,1
228,68,1
228,31,1
228,24,1
228,64,1
228,9,1
228,28,1
228,42,1
228,26,1
228,1,4
228,7,1
228,97,4
228,57,1
228,35,1
228,83,1
228,38,1
228,14,1
228,3,2
228,36,1
228,27,1
228,8,1
229,13,1
229,47,0
229,17,1
229,43,1
229,2,0
229,58,1
229,57,1
229,15,1
229,31,4
229,55,1
229,32,1
229,26,1
229,14,3
229,0,1
229,10,1
229,60,1
229,12,0
229,36,3
229,35,1
229,21,0
230,4,2
230,17,2
230,49,2
230,37,2
230,31,2
230,58,0
230,35,2
230,13,2
230,56,2
230,0,2
230,79,2
230,11,2
230,9,2
230,15,2
230,60,2
230,8,2
230,41,2
230,62,2
230,21,2
230,64,2
231,27,2
231,5,2
231,52,2
231,91,2
231,62,2
231,31,2
231,0,2
231,11,2
231,36,2
231,18,2
231,83,3
231,88,2
231,21,2
231,43,2
231,40,2
231,32,2
231,56,2
231,10,2
231,41,2
231,33,2
232,41,2
232,15,2
232,76,2
232,62,2
232,10,2
232,48,2
232,46,2
232,42,1
232,33,2
232,31,2
232,95,2
232,35,2
232,58,1
232,43,2
232,57,2
232,26,2
232,56,2
232,13,2
232,49,2
232,7,2
233,55,1
233,10,4
233,61,1
233,46,1
233,9,0
233,16,2
233,12,1
233,24,3
233,18,0
233,5,1
233,1,1
233,77,0
233,70,0
233,31,1
233,21,0
233,28,1
233,38,1
233,85,1
233,13,0
233,58,1
234,42,2
234,62,2
234,31,2
234,0,2
234,33,2
234,5,2
234,4,2
234,21,2
234,13,2
234,36,2
234,22,2
234,11,2
234,55,2
234,83,2
234,8,2
234,56,2
234,50,2
234,35,2
234,90,2
234,52,2
235,3,0
235,43,0
235,8,0
235,67,0
235,48,0
235,86,0
235,35,0
235,41,0
235,7,0
235,21,0
235,38,3
235,46,0
235,31,0
235,18,0
235,33,0
235,13,0
235,9,1
235,36,0
235,57,0
235,11,2
236,62,0
236,24,0
236,57,0
236,26,0
236,21,0
236,13,0
236,17,0
236,4,0
236,59,0
236,10,0
236,69,0
236,35,0
236,41,1
236,40,0
236,46,0
236,1,0
236,50,1
236,0,0
236,31,0
236,3,0
237,12,1
237,36,3
237,76,3
237,31,3
237,55,3
237,1,2
237,26,3
237,60,1
237,10,3
237,20,3
237,11,2
237,67,2
237,27,2
237,5,3
237,46,3
237,13,3
237,30,3
237,62,2
237,9,3
237,21,3
238,49,2
238,13,2
238,61,1
238,91,2
238,73,2
238,1,1
238,36,2
238,9,2
238,21,2
238,26,2
238,32,2
238,50,2
238,56,1
238,8,2
238,35,2
238,0,2
238,3,1
238,33,2
238,76,2
238,25,2
239,28,0
239,31,1
239,56,1
239,11,2
239,44,0
239,10,1
239,20,0
239,12,1
239,41,0
239,36,1
239,21,1
239,2,1
239,33,1
239,15,3
239,13,1
239,0,1
239,64,1
239,25,1
239,17,1
239,4,1
240,31,0
240,49,0
240,1,0
240,11,2
240,7,0
240,15,4
240,41,1
240,25,1
240,58,1
240,21,0
240,4,0
240,17,0
240,13,1
240,75,2
240,40,4
240,55,0
240,8,0
240,60,1
240,20,4
240,42,2
241,43,2
241,17,2
241,1,2
241,24,2
241,33,2
241,71,2
241,13,2
241,8,2
241,36,2
241,25,2
241,48,2
241,31,2
241,21,2
241,0,2
241,26,2
241,10,2
241,57,2
241,56,2
241,78,2
241,76,2
242,33,0
242,2,4
242,62,0
242,17,1
242,47,0
242,46,0
242,49,1
242,41,1
242,57,4
242,56,1
242,10,1
242,60,2
242,43,1
242,26,0
242,42,4
242,58,0
242,80,1
242,9,1
242,40,1
242,31,0
243,31,2
243,20,2
243,56,2
243,11,2
243,18,2
243,57,2
243,19,2
243,16,2
243,8,2
243,48,2
243,0,2
243,32,2
243,76,2
243,69,2
243,13,2
243,10,2
243,13,2
243,50,2
243,6,2
243,26,2
244,8,0
244,73,0
244,43,0
244,40,0
244,4,0
244,36,0
244,41,0
244,38,0
244,55,0
244,32,0
244,42,0
244,58,2
244,59,0
244,13,0
244,76,0
244,92,0
244,30,0
244,1,0
244,31,0
244,0,0
245,74,0
245,2,0
245,38,0
245,5,0
245,1,0
245,4,3
245,0,1
245,63,1
245,64,0
245,41,0
245,10,0
245,11,2
245,56,1
245,78,0
245,21,0
245,58,1
245,49,1
245,27,0
245,26,0
245,31,0
246,50,2
246,56,2
246,32,2
246,13,2
246,55,2
246,0,2
246,40,2
246,60,2
246,35,2
246,10,2
246,43,2
246,52,2
246,33,2
246,1,2
246,69,2
246,42,2
246,31,2
246,8,2
246,57,2
246,28,2
247,41,0
247,35,0
247,31,0
247,58,0
247,13,0
247,12,0
247,78,0
247,69,0
247,17,0
247,76,0
247,26,0
247,21,0
247,4,0
247,8,0
247,49,0
247,43,0
247,48,2
247,10,0
247,32,0
247,62,0
248,21,0
248,40,1
248,18,0
248,26,0
248,61,4
248,33,0
248,3,0
248,8,1
248,0,4
248,58,0
248,9,1
248,44,1
248,25,0
248,13,1
248,10,0
248,41,1
248,1,1
248,35,4
248,31,0
248,56,1
249,31,2
249,0,2
249,26,2
249,13,2
249,5,2
249,33,2
249,62,2
249,35,4
249,43,2
249,10,2
249,3,2
249,78,2
249,42,2
249,108,2
249,11,2
249,56,2
249,37,2
249,1,2
249,36,2
249,20,2
250,61,1
250,4,1
250,16,2
250,2,1
250,7,1
250,21,1
250,13,1
250,47,1
250,11,2
250,88,1
250,41,1
250,49,1
250,0,1
250,24,1
250,8,1
250,27,1
250,10,4
250,31,1
250,26,1
250,57,1
251,6,3
251,52,1
251,26,3
251,0,3
251,47,3
251,13,3
251,15,0
251,50,1
251,24,3
251,60,1
251,2,3
251,42,3
251,31,3
251,5,3
251,46,3
251,14,3
251,35,3
251,21,3
251,10,3
251,9,3
252,60,2
252,24,0
252,4,4
252,31,0
252,0,0
252,56,0
252,21,0
252,9,0
252,17,1
252,49,0
252,70,2
252,57,2
252,69,0
252,37,2
252,1,2
252,59,2
252,19,2
252,28,1
252,41,1
252,11,2
253,37,1
253,55,1
253,109,1
253,42,1
253,9,1
253,41,1
253,32,1
253,26,1
253,31,1
253,4,1
253,53,4
253,36,1
253,97,1
253,33,1
253,13,1
253,27,1
253,21,1
253,58,1
253,11,2
253,17,1
254,40,1
254,25,4
254,79,0
254,76,1
254,41,1
254,11,2
254,0,1
254,14,2
254,60,0
254,48,2
254,31,0
254,12,1
254,13,1
254,35,4
254,16,2
254,82,0
254,4,3
254,43,2
254,1,4
254,26,0
255,59,2
255,11,2
255,1,2
255,18,2
255,12,2
255,0,2
255,9,2
255,33,2
255,37,2
255,8,2
255,48,2
255,17,2
255,36,2
255,42,2
255,76,2
255,31,2
255,35,2
255,13,2
255,4,2
255,23,2
256,57,3
256,46,3
256,50,2
256,33,3
256,32,3
256,59,3
256,40,2
256,55,3
256,7,3
256,1,3
256,56,3
256,42,2
256,31,3
256,21,3
256,8,3
256,13,3
256,28,2
256,35,1
256,0,3
256,41,2
257,55,4
257,37,4
257,4,2
257,17,2
257,9,2
257,44,2
257,5,2
257,18,2
257,76,1
257,58,2
257,8,2
257,29,2
257,21,2
257,43,2
257,82,2
257,2,2
257,14,4
257,13,1
257,41,2
257,12,1
258,42,0
258,6,0
258,4,0
258,29,0
258,36,0
258,0,0
258,61,0
258,35,0
258,26,0
258,41,0
258,21,0
258,10,0
258,31,0
258,28,0
258,33,0
258,8,0
258,13,0
258,1,0
258,78,0
258,17,0
259,92,1
259,25,2
259,21,1
259,2,1
259,58,2
259,32,1
259,26,1
259,7,1
259,40,1
259,33,2
259,12,2
259,5,1
259,15,3
259,0,1
259,31,1
259,18,2
259,37,2
259,16,2
259,56,1
259,76,1
260,63,0
260,1,0
260,13,0
260,7,0
260,59,0
260,77,0
260,4,0
260,0,0
260,41,0
260,16,2
260,8,0
260,33,0
260,37,0
260,90,0
260,44,0
260,31,0
260,12,0
260,25,0
260,9,0
260,32,0
261,56,1
261,60,0
261,57,0
261,0,0
261,21,0
261,20,0
261,7,0
261,18,0
261,43,0
261,2,0
261,38,0
261,13,0
261,41,0
261,67,0
261,33,0
261,55,0
261,11,2
261,42,1
261,6,1
261,5,0
262,21,3
262,8,1
262,32,3
262,15,2
262,18,1
262,60,3
262,4,3
262,13,3
262,72,3
262,47,3
262,25,3
262,31,3
262,58,3
262,42,3
262,57,3
262,17,3
262,9,3
262,26,3
262,1,3
262,36,3
263,31,0
263,13,3
263,27,3
263,26,3
263,33,3
263,55,0
263,38,3
263,36,3
263,11,2
263,40,3
263,2,3
263,27,3
263,41,3
263,25,3
263,35,3
263,76,3
263,10,3
263,32,3
263,86,3
263,0,3
264,25,2
264,8,2
264,35,2
264,27,2
264,91,2
264,41,2
264,48,2
264,43,2
264,49,2
264,31,2
264,38,2
264,58,2
264,17,2
264,36,2
264,0,2
264,26,2
264,56,2
264,40,2
264,11,0
264,15,2
265,36,0
265,40,0
265,45,2
265,33,2
265,0,4
265,43,2
265,31,2
265,75,2
265,73,2
265,1,2
265,58,1
265,3,1
265,51,2
265,26,2
265,13,2
265,61,2
265,28,2
265,27,2
265,21,0
265,10,2
266,30,1
266,5,1
266,13,1
266,1,1
266,35,1
266,18,1
266,17,1
266,4,1
266,41,2
266,21,1
266,43,1
266,49,1
266,0,1
266,9,1
266,60,1
266,58,2
266,46,1
266,57,1
266,31,1
266,26,1
267,49,1
267,36,1
267,13,1
267,41,1
267,33,0
267,43,4
267,55,4
267,56,1
267,38,3
267,10,4
267,42,2
267,18,1
267,2,0
267,26,3
267,27,1
267,25,4
267,24,4
267,47,0
267,4,1
267,31,1
268,36,1
268,35,1
268,17,1
268,5,1
268,12,4
268,57,4
268,21,1
268,60,1
268,3,1
268,47,1
268,31,4
268,13,1
268,33,0
268,18,1
268,55,4
268,67,4
268,74,4
268,43,4
268,26,0
268,0,3
269,14,1
269,56,1
269,41,1
269,12,2
269,36,4
269,31,0
269,21,0
269,17,0
269,3,1
269,46,1
269,1,2
269,2,0
269,26,2
269,4,1
269,77,1
269,33,0
269,8,0
269,10,4
269,9,0
269,76,1
270,67,3
270,30,1
270,57,4
270,82,2
270,35,4
270,50,2
270,15,4
270,38,3
270,8,2
270,26,3
270,33,3
270,20,2
270,41,1
270,24,3
270,40,3
270,56,3
270,48,3
270,81,1
270,31,2
270,76,1
271,64,0
271,42,0
271,13,0
271,49,1
271,5,0
271,58,0
271,33,4
271,15,4
271,26,0
271,55,0
271,27,2
271,30,0
271,35,0
271,83,0
271,24,0
271,57,1
271,9,0
271,17,0
271,21,0
271,36,0
272,15,3
272,33,1
272,55,1
272,41,1
272,16,2
272,13,1
272,3,1
272,49,1
272,43,1
272,6,1
272,56,1
272,10,1
272,31,1
272,9,1
272,2,1
272,68,1
272,91,1
272,21,1
272,30,1
272,26,1
273,10,1
273,0,1
273,82,2
273,35,1
273,64,1
273,7,1
273,57,1
273,27,1
273,41,1
273,21,1
273,26,1
273,9,1
273,19,2
273,17,1
273,1,1
273,40,1
273,13,1
273,31,1
273,60,3
273,30,1
274,11,2
274,24,0
274,9,0
274,25,2
274,28,0
274,4,4
274,13,0
274,14,0
274,58,0
274,35,0
274,66,0
274,26,0
274,5,0
274,43,4
274,42,2
274,36,0
274,7,0
274,17,1
274,2,0
274,31,0
275,11,2
275,62,3
275,36,3
275,43,3
275,27,3
275,13,3
275,21,3
275,26,3
275,50,0
275,17,3
275,41,3
275,95,0
275,12,3
275,76,3
275,9,3
275,46,3
275,4,3
275,10,3
275,18,0
275,8,3
276,55,1
276,31,0
276,58,1
276,56,1
276,57,1
276,40,1
276,5,1
276,35,4
276,6,1
276,36,1
276,10,1
276,61,1
276,63,0
276,78,0
276,13,1
276,7,1
276,33,4
276,16,2
276,66,0
276,0,1
277,78,3
277,97,3
277,37,3
277,43,3
277,8,3
277,13,3
277,38,3
277,0,3
277,21,3
277,5,3
277,31,3
277,58,3
277,26,3
277,27,2
277,20,3
277,10,3
277,1,2
277,56,3
277,15,2
277,96,3
278,62,0
278,0,0
278,49,0
278,47,0
278,67,0
278,21,0
278,31,0
278,13,0
278,26,0
278,41,0
278,9,0
278,38,0
278,4,0
278,56,0
278,71,0
278,36,0
278,51,0
278,28,0
278,11,2
278,35,0
279,50,1
279,35,1
279,12,1
279,0,1
279,13,1
279,57,1
279,21,1
279,1,1
279,11,2
279,42,1
279,58,1
279,43,1
279,3,1
279,44,4
279,47,1
279,9,1
279,49,1
279,2,1
279,32,1
279,15,3
280,35,2
280,25,2
280,42,2
280,10,2
280,17,2
280,27,2
280,72,2
280,21,2
280,84,2
280,1,2
280,31,2
280,60,2
280,6,2
280,67,2
280,26,2
280,63,2
280,49,2
280,9,2
280,13,2
280,57,2
281,81,0
281,7,0
281,57,0
281,31,0
281,13,0
281,72,0
281,80,3
281,12,1
281,2,0
281,10,3
281,1,3
281,33,4
281,46,3
281,30,3
281,43,3
281,9,3
281,26,0
281,41,3
281,0,3
281,17,3
282,35,1
282,0,1
282,31,1
282,61,1
282,37,4
282,17,4
282,32,1
282,5,1
282,21,1
282,9,1
282,13,1
282,6,1
282,10,1
282,36,1
282,26,1
282,73,1
282,40,1
282,95,2
282,47,1
282,30,1
283,33,2
283,7,2
283,30,2
283,13,2
283,10,2
283,27,2
283,73,2
283,46,2
283,58,2
283,26,2
283,76,2
283,31,2
283,103,2
283,25,2
283,12,2
283,9,2
283,41,2
283,18,2
283,21,2
283,5,2
284,11,2
284,43,0
284,47,0
284,3,0
284,79,0
284,0,0
284,33,0
284,83,0
284,57,4
284,50,0
284,27,0
284,5,0
284,60,0
284,9,0
284,59,0
284,21,0
284,31,0
284,76,0
284,32,0
284,2,0
285,83,3
285,67,3
285,57,3
285,6,3
285,76,3
285,21,3
285,3,3
285,31,3
285,15,0
285,49,3
285,60,3
285,1,3
285,27,0
285,11,2
285,17,3
285,0,3
285,13,3
285,5,3
285,26,3
285,32,3
286,41,2
286,55,2
286,77,0
286,80,0
286,13,1
286,11,2
286,2,4
286,33,0
286,47,0
286,43,0
286,67,1
286,31,0
286,3,0
286,16,2
286,9,0
286,26,0
286,25,0
286,35,0
286,10,0
286,36,0
287,67,0
287,43,2
287,21,2
287,31,2
287,59,2
287,80,2
287,10,2
287,19,2
287,18,1
287,35,2
287,26,2
287,12,2
287,58,2
287,11,2
287,41,2
287,25,2
287,1,0
287,13,2
287,57,2
287,60,1
288,60,3
288,58,0
288,82,0
288,3,1
288,13,1
288,42,1
288,1,4
288,40,1
288,0,1
288,67,0
288,7,0
288,46,1
288,54,1
288,4,3
288,27,4
288,77,1
288,21,0
288,31,0
288,28,0
288,17,3
289,29,2
289,57,2
289,43,2
289,85,2
289,40,2
289,32,2
289,20,2
289,1,2
289,31,2
289,10,2
289,76,2
289,62,2
289,36,2
289,33,2
289,21,2
289,60,2
289,6,2
289,0,2
289,4,2
289,13,2
290,17,3
290,97,3
290,10,3
290,19,3
290,13,3
290,23,3
290,21,3
290,31,3
290,55,1
290,11,2
290,57,3
290,0,3
290,4,3
290,18,2
290,8,3
290,1,3
290,36,3
290,32,3
290,5,3
290,49,3
291,35,4
291,10,2
291,57,2
291,31,2
291,1,4
291,77,0
291,9,0
291,0,2
291,33,2
291,11,2
291,55,0
291,76,0
291,62,2
291,74,1
291,21,0
291,42,0
291,36,4
291,27,0
291,52,2
291,37,0
292,27,2
292,58,2
292,0,2
292,43,2
292,29,2
292,60,2
292,31,2
292,1,2
292,2,2
292,9,2
292,41,2
292,36,2
292,11,2
292,28,2
292,26,2
292,74,2
292,42,2
292,57,2
292,13,2
292,56,2
293,55,2
293,31,3
293,60,1
293,13,1
293,4,3
293,15,2
293,30,2
293,58,1
293,76,3
293,26,3
293,36,3
293,43,3
293,38,3
293,69,1
293,27,2
293,5,3
293,41,2
293,44,2
293,21,1
293,1,1
294,21,3
294,31,1
294,18,1
294,27,3
294,42,2
294,26,3
294,8,3
294,33,4
294,1,3
294,73,1
294,16,2
294,78,3
294,4,3
294,6,3
294,43,1
294,12,1
294,13,1
294,9,0
294,57,3
294,60,1
295,60,1
295,13,1
295,21,1
295,57,1
295,58,1
295,43,1
295,33,0
295,2,1
295,5,1
295,48,1
295,55,2
295,41,2
295,35,1
295,8,1
295,76,1
295,31,1
295,42,2
295,37,2
295,1,1
295,18,2
296,30,3
296,8,3
296,91,3
296,23,3
296,10,3
296,13,3
296,32,3
296,65,3
296,1,0
296,31,3
296,12,3
296,20,1
296,48,3
296,56,3
296,26,3
296,16,2
296,43,3
296,17,3
296,21,3
296,57,3
297,70,3
297,43,3
297,78,3
297,4,1
297,15,1
297,27,1
297,38,3
297,67,3
297,14,3
297,7,1
297,13,3
297,60,1
297,33,3
297,31,3
297,2,3
297,9,0
297,97,4
297,18,1
297,21,3
297,32,3
298,1,4
298,13,1
298,9,1
298,21,1
298,0,1
298,30,1
298,31,1
298,24,1
298,57,1
298,17,1
298,26,1
298,76,1
298,58,0
298,12,1
298,25,4
298,60,1
298,35,1
298,15,3
298,4,1
298,36,1
299,81,3
299,12,1
299,90,3
299,41,1
299,32,1
299,2,3
299,4,3
299,76,3
299,0,3
299,26,1
299,36,3
299,16,2
299,31,3
299,61,4
299,47,3
299,38,3
299,33,3
299,9,3
299,39,1
299,67,3
